"","SNP","Chromosome","Position","P.value","maf","nobs","effect","Population"
"6855","JHI-Hv50k-2016-336981","5","539087801",8.97494779702871e-11,"0.301236963376182",217,NA,"GETP1 Fixed"
"68551","JHI-Hv50k-2016-336981","5","539087801",9.45024187873257e-11,"0.301236963376182",217,NA,"GETP1 Random"
"5024","JHI-Hv50k-2016-279408","5","5364567",2.34643211285484e-11,"0.298930026502116",212,NA,"GITP1 Fixed"
"9057","JHI-Hv50k-2016-472295","7","91932231",3.66711262586545e-06,"0.146986263519381",212,NA,"GITP1 Fixed"
"50241","JHI-Hv50k-2016-279408","5","5364567",1.85058041243998e-09,"0.298930026502116",212,NA,"GITP1 Random"
"6825","JHI-Hv50k-2016-335576","5","536417655",7.89156671718343e-42,"0.350488398131346",439,NA,"GETP2 Fixed"
"68251","JHI-Hv50k-2016-335576","5","536417655",1.15773950498902e-43,"0.350488398131346",439,NA,"GETP2 Random"
"971","JHI-Hv50k-2016-10645","1","10425546",2.63420179709854e-07,"0.352446126132995",439,NA,"GETP2 Random"
"9895","JHI-Hv50k-2016-335573","5","536417314",4.36869871595658e-29,"0.368090355408218",436,NA,"GITP2 Fixed"
"9896","JHI-Hv50k-2016-335576","5","536417655",1.08855961805362e-31,"0.352900015549681",436,NA,"GITP2 Fixed"
"8298","JHI-Hv50k-2016-279408","5","5364567",7.18546267514209e-27,"0.369540130402169",436,NA,"GITP2 Fixed"
"9902","JHI-Hv50k-2016-335800","5","536713844",7.18546267514209e-27,"0.369540130402169",436,NA,"GITP2 Fixed"
"9901","JHI-Hv50k-2016-335776","5","536714848",4.36869871595658e-29,"0.368090355408218",436,NA,"GITP2 Fixed"
"573","BOPA2_12_30867","5","536885060",4.36869871595658e-29,"0.368090355408218",436,NA,"GITP2 Fixed"
"9904","JHI-Hv50k-2016-335857","5","536903483",7.18546267514209e-27,"0.369540130402169",436,NA,"GITP2 Fixed"
"8300","JHI-Hv50k-2016-279457","5","5370239",4.36869871595658e-29,"0.368090355408218",436,NA,"GITP2 Fixed"
"8301","JHI-Hv50k-2016-279481","5","5371764",1.32933801097765e-11,"0.347649328660865",436,NA,"GITP2 Fixed"
"8302","JHI-Hv50k-2016-279492","5","5372473",1.80617027892416e-15,"0.360308118400554",436,NA,"GITP2 Fixed"
"8697","JHI-Hv50k-2016-290748","5","53774061",5.13650213876441e-14,"0.362616121400958",436,NA,"GITP2 Fixed"
"9908","JHI-Hv50k-2016-336817","5","538533573",6.10018279415018e-17,"0.364915002698327",436,NA,"GITP2 Fixed"
"9907","JHI-Hv50k-2016-336814","5","538533757",5.13650213876441e-14,"0.362616121400958",436,NA,"GITP2 Fixed"
"9906","JHI-Hv50k-2016-336801","5","538551494",6.25422260540228e-16,"0.361151800169609",436,NA,"GITP2 Fixed"
"9905","JHI-Hv50k-2016-336773","5","538599605",5.13650213876441e-14,"0.362616121400958",436,NA,"GITP2 Fixed"
"1435","SCRI_RS_184066","5","538679810",5.13650213876441e-14,"0.362616121400958",436,NA,"GITP2 Fixed"
"9909","JHI-Hv50k-2016-336825","5","538680362",1.45958702610202e-13,"0.361771141222986",436,NA,"GITP2 Fixed"
"9912","JHI-Hv50k-2016-336878","5","538869343",1.80617027892416e-15,"0.360308118400554",436,NA,"GITP2 Fixed"
"9911","JHI-Hv50k-2016-336856","5","538918596",6.25422260540228e-16,"0.361151800169609",436,NA,"GITP2 Fixed"
"9910","JHI-Hv50k-2016-336850","5","538921336",5.13650213876441e-14,"0.362616121400958",436,NA,"GITP2 Fixed"
"9913","JHI-Hv50k-2016-336916","5","539002452",5.13650213876441e-14,"0.362616121400958",436,NA,"GITP2 Fixed"
"9915","JHI-Hv50k-2016-336927","5","539044983",1.45958702610202e-13,"0.361771141222986",436,NA,"GITP2 Fixed"
"9914","JHI-Hv50k-2016-336922","5","539045740",6.25422260540228e-16,"0.361151800169609",436,NA,"GITP2 Fixed"
"9919","JHI-Hv50k-2016-336985","5","539087039",5.13650213876441e-14,"0.362616121400958",436,NA,"GITP2 Fixed"
"9918","JHI-Hv50k-2016-336982","5","539087641",6.25422260540228e-16,"0.361151800169609",436,NA,"GITP2 Fixed"
"9917","JHI-Hv50k-2016-336981","5","539087801",3.68751477636718e-14,"0.365765330758088",436,NA,"GITP2 Fixed"
"68252","JHI-Hv50k-2016-335576","5","536417655",6.24155987513326e-12,"0.352900015549681",436,NA,"GITP2 Random"
"6824","JHI-Hv50k-2016-335573","5","536417314",9.40310380924353e-10,"0.368090355408218",436,NA,"GITP2 Random"
"9711","JHI-Hv50k-2016-10645","1","10425546",1.99735358916199e-06,"0.352577636175195",436,NA,"GITP2 Random"
"68254","JHI-Hv50k-2016-335576","5","536417655",3.85232868263082e-13,"0.350488398131346",439,NA,"GETP3 Fixed"
"6069","JHI-Hv50k-2016-314370","5","487304558",4.70826852040955e-09,"0.496592674488425",439,NA,"GETP3 Fixed"
"682511","JHI-Hv50k-2016-335576","5","536417655",1.27695547538349e-12,"0.350488398131346",439,NA,"GETP3 Random"
"60691","JHI-Hv50k-2016-314370","5","487304558",5.59633948931467e-09,"0.496592674488425",439,NA,"GETP3 Random"
"682521","JHI-Hv50k-2016-335576","5","536417655",1.32383366954747e-48,"0.350488398131346",439,NA,"GITP3 Fixed"
"6076","JHI-Hv50k-2016-314543","5","487822824",8.11025612546684e-11,"0.494305239179954",439,NA,"GITP3 Fixed"
"68253","JHI-Hv50k-2016-335576","5","536417655",2.01093271056505e-48,"0.350488398131346",439,NA,"GITP3 Random"
"60761","JHI-Hv50k-2016-314543","5","487822824",8.18747188368153e-11,"0.494305239179954",439,NA,"GITP3 Random"
"7125","JHI-Hv50k-2016-360936","5","587123451",5.38444419548319e-14,"0.107061503416856",439,NA,"GETP4 Fixed"
"5035","JHI-Hv50k-2016-279775","5","5906422",9.90961896025975e-10,"0.105288741052792",439,NA,"GETP4 Fixed"
"5027","JHI-Hv50k-2016-27948","1","365018817",1.74421569196536e-06,"0.129840546697039",439,NA,"GETP4 Fixed"
"71251","JHI-Hv50k-2016-360936","5","587123451",6.42603713115223e-17,"0.107061503416856",439,NA,"GETP4 Random"
"50351","JHI-Hv50k-2016-279775","5","5906422",2.35511826689433e-12,"0.105288741052792",439,NA,"GETP4 Random"
"50271","JHI-Hv50k-2016-27948","1","365018817",2.96244148837673e-06,"0.129840546697039",439,NA,"GETP4 Random"
"68255","JHI-Hv50k-2016-335576","5","536417655",6.24976854941552e-20,"0.350488398131346",439,NA,"GITP4 Fixed"
"682512","JHI-Hv50k-2016-335576","5","536417655",3.60377720306115e-20,"0.350488398131346",439,NA,"GITP4 Random"
"1023","JHI-Hv50k-2016-10782","1","10478874",2.14127571463377e-32,"0.365546218487395",480,NA,"Field WinterH Random"
"10231","JHI-Hv50k-2016-10782","1","10478874",5.7247219501202e-48,"0.365546218487395",480,NA,"Field Heading date Fixed"
"10232","JHI-Hv50k-2016-10782","1","10478874",8.86602496627364e-48,"0.365546218487395",480,NA,"Field Heading date Random"
"10233","JHI-Hv50k-2016-10782","1","10478874",2.68711581333652e-11,"0.364221680321398",479,NA,"Field Height Random"
"10234","JHI-Hv50k-2016-10782","1","10478874",4.55035136741648e-10,"0.352922460743763",449,NA,"Field PhysM Fixed"
"10235","JHI-Hv50k-2016-10782","1","10478874",3.09479319524802e-48,"0.357057108557709",441,NA,"Field PhysM Random"
"12734","SCRI_RS_197997","2","366354332",1.41622590613745e-06,"0.488655030557804",441,NA,"Field PhysM Random"
