most_significant_model,SNP,CHr,Position,year,maf,P.value
2021_TP3_GI,JHI-Hv50k-2016-8002,1,6931684,2021,0.36721,1.02E-06
Logistic GE 2021_Lower,JHI-Hv50k-2016-8002,1,6931684,2021,0.36842,4.63E-08
Logistic GE 2020/2021_Centering,JHI-Hv50k-2016-15198,1,18049005,2020/2021,0.49654,0
2021_TP1_GE,JHI-Hv50k-2016-59425,2,1081341,2021,0.49885,8.16E-09
Logistic GI 2021_Lower,SCRI_RS_204158,2,12096571,2021,0.49726,3.56E-14
Logistic GE 2020_Rate,JHI-Hv50k-2016-77653,2,40257373,2020,0.23148,1.15E-10
Logistic GE 2020_Rate,JHI-Hv50k-2016-77964,2,41814315,2020,0.22917,2.24E-09
Logistic GE 2021_Lower,JHI-Hv50k-2016-77945,2,41820733,2021,0.4988,2.06E-09
2021_TP1_GI,JHI-Hv50k-2016-165725,3,66720210,2021,0.5,5.73E-11
Logistic GI 2021_Lower,JHI-Hv50k-2016-165725,3,66720210,2021,0.5,1.53E-14
2021_TP3_GI,JHI-Hv50k-2016-228126,4,5948962,2021,0.47344,1.31E-06
Logistic GI 2020/2021_TimeTo5.0,JHI-Hv50k-2016-228195,4,6032545,2020/2021,0.49043,2.06E-06
2020_TP1_GE,JHI-Hv50k-2016-273301,4,618718558,2020,0.39238,1.86E-06
Logistic GI 2020_Lower,JHI-Hv50k-2016-273301,4,618718558,2020,0.48551,2.47E-06
2020/2021_TP3_GE,JHI-Hv50k-2016-273434,4,618750390,2020/2021,0.48998,9.79E-11
2020/2021_TP3_GI,JHI-Hv50k-2016-276836,4,622826452,2020/2021,0.48998,3.10E-15
Logistic GI 2020/2021_TimeTo5.0,JHI-Hv50k-2016-276836,4,622826452,2020/2021,0.46411,2.20E-11
2020_TP3_GE,JHI-Hv50k-2016-276707,4,623071816,2020,0.4955,2.58E-10
2021_TP1.5_GI,JHI-Hv50k-2016-276688,4,623232032,2021,0.49654,9.50E-07
2020/2021_TP1.5_GI,JHI-Hv50k-2016-276688,4,623232032,2020/2021,0.49654,9.50E-07
2021_TP1_GE,JHI-Hv50k-2016-276604,4,623528344,2021,0.49885,2.41E-07
Logistic GE 2021_Lower,JHI-Hv50k-2016-276604,4,623528344,2021,0.49282,1.71E-07
2020/2021_TP3_GE,Qsd1,5,442160000,2020/2021,0.35189,1.04E-59
Logistic GE 2021_Centering,Qsd1,5,442160000,2021,0.33134,4.94E-69
2020/2021_TP2_GI,JHI-Hv50k-2016-308652,5,446691785,2020/2021,0.36526,8.79E-14
Logistic GI 2020/2021_TimeTo5.0,JHI-Hv50k-2016-308652,5,446691785,2020/2021,0.37081,3.43E-70
2020/2021_TP4_GE,JHI-Hv50k-2016-308712,5,446936428,2020/2021,0.22717,6.86E-07
Logistic GI 2021_Lower,JHI-Hv50k-2016-308862,5,447841431,2021,0.31781,2.40E-11
2020_TP1_GE,JHI-Hv50k-2016-308899,5,448089400,2020,0.30717,2.17E-12
Logistic GE 2020/2021_Lower,JHI-Hv50k-2016-308899,5,448089400,2020/2021,0.35369,8.21E-11
2021_TP1_GE,JHI-Hv50k-2016-309905,5,458001626,2021,0.24249,3.05E-12
Logistic GE 2021_Lower,JHI-Hv50k-2016-309905,5,458001626,2021,0.23923,6.10E-12
2020/2021_TP5_GE,JHI-Hv50k-2016-311435,5,475091665,2020/2021,0.10245,2.27E-12
Logistic GE 2020_rTimeTo95,JHI-Hv50k-2016-311435,5,475091665,2020,0.08333,9.54E-14
2021_TP1_GE,JHI-Hv50k-2016-311700,5,475995048,2021,0.10393,6.85E-16
Logistic GE 2021_Lower,JHI-Hv50k-2016-311700,5,475995048,2021,0.0933,7.87E-11
2020_TP5_GE,JHI-Hv50k-2016-311908,5,476981246,2020,0.10586,2.58E-22
2020_TP5_GE,JHI-Hv50k-2016-312060,5,477830016,2020,0.1036,3.78E-13
Logistic GE 2020_rTimeTo95,JHI-Hv50k-2016-316773,5,493655229,2020,0.09259,1.93E-93
Logistic GE 2020_rTimeTo95,JHI-Hv50k-2016-316958,5,497027186,2020,0.09028,4.00E-107
2020_TP5_GE,JHI-Hv50k-2016-336814,5,538533757,2020,0.21396,1.39E-09
2020_TP5_GE,JHI-Hv50k-2016-337656,5,540818357,2020,0.35586,1.37E-14
Logistic GE 2020/2021_Centering,JHI-Hv50k-2016-380542,6,27552556,2020/2021,0.46544,0
Logistic GE 2020/2021_Centering,JHI-Hv50k-2016-380636,6,27999396,2020/2021,0.45968,0
Logistic GI 2020_Lower,JHI-Hv50k-2016-435773,7,1396559,2020,0.47947,4.66E-10
Logistic GI 2020_Lower,JHI-Hv50k-2016-435980,7,1493018,2020,0.47705,5.25E-09
2020_TP1_GI,JHI-Hv50k-2016-507370,7,611934447,2020,0.15138,3.03E-11
