"","SNP","Chromosome","Position","most_significant_model","year","maf","P.value","count"
"1","JHI-Hv50k-2016-8002",1,6931684,"2021_TP3_GI","2021",0.36721,1.02059294824743e-06,2
"2","JHI-Hv50k-2016-8002",1,6931684,"Logistic GE 2021_Lower","2021",0.36842,4.63331504902335e-08,1
"3","JHI-Hv50k-2016-15198",1,18049005,"Logistic GE 2020/2021_Centering","2020/2021",0.49654,0,1
"4","JHI-Hv50k-2016-59425",2,1081341,"2021_TP1_GE","2021",0.49885,8.16247759633668e-09,2
"5","SCRI_RS_204158",2,12096571,"Logistic GI 2021_Lower","2021",0.49726,3.55738729066325e-14,1
"6","JHI-Hv50k-2016-77653",2,40257373,"Logistic GE 2020_Rate","2020",0.23148,1.14663003073868e-10,1
"7","JHI-Hv50k-2016-77964",2,41814315,"Logistic GE 2020_Rate","2020",0.22917,2.23916622175852e-09,1
"8","JHI-Hv50k-2016-77945",2,41820733,"Logistic GE 2021_Lower","2021",0.4988,2.05711383677866e-09,1
"9","JHI-Hv50k-2016-165725",3,66720210,"2021_TP1_GI","2021",0.5,5.73179234730311e-11,2
"10","JHI-Hv50k-2016-165725",3,66720210,"Logistic GI 2021_Lower","2021",0.5,1.52802222505616e-14,1
"11","JHI-Hv50k-2016-228126",4,5948962,"2021_TP3_GI","2021",0.47344,1.31345681251375e-06,1
"12","JHI-Hv50k-2016-228195",4,6032545,"Logistic GI 2020/2021_TimeTo5.0","2020/2021",0.49043,2.06379045495573e-06,1
"13","JHI-Hv50k-2016-273301",4,618718558,"2020_TP1_GE","2020",0.39238,1.86205951070346e-06,2
"14","JHI-Hv50k-2016-273301",4,618718558,"Logistic GI 2020_Lower","2020",0.48551,2.46670547259181e-06,2
"15","JHI-Hv50k-2016-273434",4,618750390,"2020/2021_TP3_GE","2020/2021",0.48998,9.79190162784059e-11,1
"16","JHI-Hv50k-2016-276836",4,622826452,"2020/2021_TP3_GI","2020/2021",0.48998,3.10362927495658e-15,24
"17","JHI-Hv50k-2016-276836",4,622826452,"Logistic GI 2020/2021_TimeTo5.0","2020/2021",0.46411,2.19948152698681e-11,5
"18","JHI-Hv50k-2016-276707",4,623071816,"2020_TP3_GE","2020",0.4955,2.5807719388376e-10,2
"19","JHI-Hv50k-2016-276688",4,623232032,"2021_TP1.5_GI","2021",0.49654,9.50342593978696e-07,2
"20","JHI-Hv50k-2016-276688",4,623232032,"2020/2021_TP1.5_GI","2020/2021",0.49654,9.50342593978696e-07,2
"21","JHI-Hv50k-2016-276604",4,623528344,"2021_TP1_GE","2021",0.49885,2.40951396868856e-07,1
"22","JHI-Hv50k-2016-276604",4,623528344,"Logistic GE 2021_Lower","2021",0.49282,1.70917934181512e-07,1
"23","Qsd1",5,442160000,"2020/2021_TP3_GE","2020/2021",0.35189,1.03850014392714e-59,31
"24","Qsd1",5,442160000,"Logistic GE 2021_Centering","2021",0.33134,4.93596388496241e-69,10
"25","JHI-Hv50k-2016-308652",5,446691785,"2020/2021_TP2_GI","2020/2021",0.36526,8.78943486855243e-14,13
"26","JHI-Hv50k-2016-308652",5,446691785,"Logistic GI 2020/2021_TimeTo5.0","2020/2021",0.37081,3.43238506939234e-70,5
"27","JHI-Hv50k-2016-308712",5,446936428,"2020/2021_TP4_GE","2020/2021",0.22717,6.85984156741443e-07,1
"28","JHI-Hv50k-2016-308862",5,447841431,"Logistic GI 2021_Lower","2021",0.31781,2.39718946771566e-11,1
"29","JHI-Hv50k-2016-308899",5,448089400,"2020_TP1_GE","2020",0.30717,2.17365201793513e-12,1
"30","JHI-Hv50k-2016-308899",5,448089400,"Logistic GE 2020/2021_Lower","2020/2021",0.35369,8.21350655648371e-11,2
"31","JHI-Hv50k-2016-309905",5,458001626,"2021_TP1_GE","2021",0.24249,3.04972055835508e-12,1
"32","JHI-Hv50k-2016-309905",5,458001626,"Logistic GE 2021_Lower","2021",0.23923,6.10355784229231e-12,1
"33","JHI-Hv50k-2016-311435",5,475091665,"2020/2021_TP5_GE","2020/2021",0.10245,2.27218082011259e-12,1
"34","JHI-Hv50k-2016-311435",5,475091665,"Logistic GE 2020_rTimeTo95","2020",0.08333,9.53755662771372e-14,2
"35","JHI-Hv50k-2016-311700",5,475995048,"2021_TP1_GE","2021",0.10393,6.84624149200912e-16,4
"36","JHI-Hv50k-2016-311700",5,475995048,"Logistic GE 2021_Lower","2021",0.0933,7.86675871088593e-11,2
"37","JHI-Hv50k-2016-311908",5,476981246,"2020_TP5_GE","2020",0.10586,2.58370212029501e-22,2
"38","JHI-Hv50k-2016-312060",5,477830016,"2020_TP5_GE","2020",0.1036,3.78014808262216e-13,2
"39","JHI-Hv50k-2016-316773",5,493655229,"Logistic GE 2020_rTimeTo95","2020",0.09259,1.92781732943291e-93,2
"40","JHI-Hv50k-2016-316958",5,497027186,"Logistic GE 2020_rTimeTo95","2020",0.09028,3.9979988408926e-107,2
"41","JHI-Hv50k-2016-336814",5,538533757,"2020_TP5_GE","2020",0.21396,1.38581562441222e-09,1
"42","JHI-Hv50k-2016-337656",5,540818357,"2020_TP5_GE","2020",0.35586,1.37024635331965e-14,1
"43","JHI-Hv50k-2016-380542",6,27552556,"Logistic GE 2020/2021_Centering","2020/2021",0.46544,0,1
"44","JHI-Hv50k-2016-380636",6,27999396,"Logistic GE 2020/2021_Centering","2020/2021",0.45968,0,1
"45","JHI-Hv50k-2016-435773",7,1396559,"Logistic GI 2020_Lower","2020",0.47947,4.66341055476864e-10,1
"46","JHI-Hv50k-2016-435980",7,1493018,"Logistic GI 2020_Lower","2020",0.47705,5.24793993464146e-09,1
"47","JHI-Hv50k-2016-507370",7,611934447,"2020_TP1_GI","2020",0.15138,3.02632257162366e-11,2
