"","SNP","Chromosome","Position","P.value","maf","nobs","effect","TP","Trait","model"
"3689","JHI-Hv50k-2016-311960",5,477497810,1.89461533109108e-12,"0.307174887892377",223,NA,"TP1","GE","blues"
"2330","JHI-Hv50k-2016-228853",4,9192492,1.99394773383121e-06,"0.39237668161435",223,NA,"TP1","GE","blues"
"6517","JHI-Hv50k-2016-513498",7,623659640,3.82206135719687e-06,"0.147982062780269",223,NA,"TP1","GE","blues"
"3672","JHI-Hv50k-2016-311574",5,475453779,1.06940187338591e-09,"0.305045871559633",218,NA,"TP1","GI","blues"
"65171","JHI-Hv50k-2016-513498",7,623659640,1.34269794079218e-07,"0.151376146788991",218,NA,"TP1","GI","blues"
"23301","JHI-Hv50k-2016-228853",4,9192492,2.28061695664396e-06,"0.396788990825688",218,NA,"TP1","GI","blues"
"3670","JHI-Hv50k-2016-311497",5,475342665,9.2377437435988e-09,"0.2847533632287",223,NA,"TP1","GE_5D","blues"
"36721","JHI-Hv50k-2016-311574",5,475453779,2.10138475540005e-11,"0.305045871559633",218,NA,"TP1","GI_5D","blues"
"495","JHI-Hv50k-2016-10570",1,10179999,7.95653956391251e-07,"0.00458715596330272",218,NA,"TP1","GI_5D","blues"
"65172","JHI-Hv50k-2016-513498",7,623659640,8.33893201425938e-07,"0.151376146788991",218,NA,"TP1","GI_5D","blues"
"23302","JHI-Hv50k-2016-228853",4,9192492,1.15005837134591e-06,"0.396788990825688",218,NA,"TP1","GI_5D","blues"
"36891","JHI-Hv50k-2016-311960",5,477497810,2.14764743296761e-12,"0.307174887892377",223,NA,"TP1","GE","blups"
"23303","JHI-Hv50k-2016-228853",4,9192492,1.97325709207282e-06,"0.39237668161435",223,NA,"TP1","GE","blups"
"65173","JHI-Hv50k-2016-513498",7,623659640,3.89037366132822e-06,"0.147982062780269",223,NA,"TP1","GE","blups"
"36723","JHI-Hv50k-2016-311574",5,475453779,2.21770581812091e-09,"0.305045871559633",218,NA,"TP1","GI","blups"
"651711","JHI-Hv50k-2016-513498",7,623659640,6.89888338646035e-07,"0.151376146788991",218,NA,"TP1","GI","blups"
"233011","JHI-Hv50k-2016-228853",4,9192492,4.52573869453317e-06,"0.396788990825688",218,NA,"TP1","GI","blups"
"367211","JHI-Hv50k-2016-311574",5,475453779,1.25563759720245e-08,"0.298206278026906",223,NA,"TP1","GE_5D","blups"
"36722","JHI-Hv50k-2016-311574",5,475453779,3.5680009976654e-10,"0.305045871559633",218,NA,"TP1","GI_5D","blups"
"4951","JHI-Hv50k-2016-10570",1,10179999,3.29019952213677e-06,"0.00458715596330272",218,NA,"TP1","GI_5D","blups"
"233021","JHI-Hv50k-2016-228853",4,9192492,4.49996936931164e-06,"0.396788990825688",218,NA,"TP1","GI_5D","blups"
"36705","JHI-Hv50k-2016-311497",5,475342665,1.86370564212021e-42,"0.355855855855856",444,NA,"TP2","GE","blues"
"36701","JHI-Hv50k-2016-311497",5,475342665,1.21610102041128e-16,"0.35827664399093",441,NA,"TP2","GI","blues"
"36724","JHI-Hv50k-2016-311574",5,475453779,8.2356173474374e-08,"0.369614512471655",441,NA,"TP2","GI","blues"
"2341","JHI-Hv50k-2016-229031",4,9491790,1.92226234953273e-07,"0.487528344671202",441,NA,"TP2","GI","blues"
"36702","JHI-Hv50k-2016-311497",5,475342665,3.71692487067398e-15,"0.355855855855856",444,NA,"TP2","GE_5D","blues"
"36703","JHI-Hv50k-2016-311497",5,475342665,9.93479310295943e-17,"0.35827664399093",441,NA,"TP2","GI_5D","blues"
"367212","JHI-Hv50k-2016-311574",5,475453779,8.10841006516587e-08,"0.369614512471655",441,NA,"TP2","GI_5D","blues"
"23411","JHI-Hv50k-2016-229031",4,9491790,1.17588893412719e-06,"0.487528344671202",441,NA,"TP2","GI_5D","blues"
"36704","JHI-Hv50k-2016-311497",5,475342665,4.23477095797991e-44,"0.355855855855856",444,NA,"TP2","GE","blups"
"7179","JHI-Hv50k-2016-73780",2,24228737,1.17381320957743e-06,"0.356981981981982",444,NA,"TP2","GE","blups"
"367011","JHI-Hv50k-2016-311497",5,475342665,1.54757366467706e-15,"0.35827664399093",441,NA,"TP2","GI","blups"
"367221","JHI-Hv50k-2016-311574",5,475453779,1.66695107581209e-09,"0.369614512471655",441,NA,"TP2","GI","blups"
"23412","JHI-Hv50k-2016-229031",4,9491790,3.22414276455893e-08,"0.487528344671202",441,NA,"TP2","GI","blups"
"7176","JHI-Hv50k-2016-73697",2,24211311,9.40171227850591e-07,"0.353741496598639",441,NA,"TP2","GI","blups"
"367021","JHI-Hv50k-2016-311497",5,475342665,1.83585333547309e-14,"0.355855855855856",444,NA,"TP2","GE_5D","blups"
"367031","JHI-Hv50k-2016-311497",5,475342665,1.83147922885427e-16,"0.35827664399093",441,NA,"TP2","GI_5D","blups"
"3672111","JHI-Hv50k-2016-311574",5,475453779,4.32570681647543e-09,"0.369614512471655",441,NA,"TP2","GI_5D","blups"
"71761","JHI-Hv50k-2016-73697",2,24211311,3.39496705541938e-07,"0.353741496598639",441,NA,"TP2","GI_5D","blups"
"234111","JHI-Hv50k-2016-229031",4,9491790,6.45862118121541e-07,"0.487528344671202",441,NA,"TP2","GI_5D","blups"
"36706","JHI-Hv50k-2016-311497",5,475342665,8.07957855801019e-14,"0.355855855855856",444,NA,"TP3","GE","blues"
"2344","JHI-Hv50k-2016-229089",4,9768925,2.11454257463386e-10,"0.495495495495495",444,NA,"TP3","GE","blues"
"367012","JHI-Hv50k-2016-311497",5,475342665,3.57901759886723e-51,"0.355855855855856",444,NA,"TP3","GI","blues"
"23413","JHI-Hv50k-2016-229031",4,9491790,1.8648097266708e-13,"0.490990990990991",444,NA,"TP3","GI","blues"
"367022","JHI-Hv50k-2016-311497",5,475342665,2.32451095045907e-09,"0.355855855855856",444,NA,"TP3","GE_5D","blues"
"367032","JHI-Hv50k-2016-311497",5,475342665,7.08177341276164e-50,"0.355855855855856",444,NA,"TP3","GI_5D","blues"
"234112","JHI-Hv50k-2016-229031",4,9491790,9.92377999300084e-13,"0.490990990990991",444,NA,"TP3","GI_5D","blues"
"367041","JHI-Hv50k-2016-311497",5,475342665,3.38121147075863e-13,"0.355855855855856",444,NA,"TP3","GE","blups"
"23441","JHI-Hv50k-2016-229089",4,9768925,2.566036104414e-10,"0.495495495495495",444,NA,"TP3","GE","blups"
"3670111","JHI-Hv50k-2016-311497",5,475342665,9.75348107144207e-51,"0.355855855855856",444,NA,"TP3","GI","blups"
"234121","JHI-Hv50k-2016-229031",4,9491790,2.13479602842104e-13,"0.490990990990991",444,NA,"TP3","GI","blups"
"3670211","JHI-Hv50k-2016-311497",5,475342665,7.30701056194635e-12,"0.355855855855856",444,NA,"TP3","GE_5D","blups"
"1674","JHI-Hv50k-2016-198312",3,540936436,5.25189108401642e-06,"0.225225225225225",444,NA,"TP3","GE_5D","blups"
"3670311","JHI-Hv50k-2016-311497",5,475342665,1.00807866961088e-47,"0.355855855855856",444,NA,"TP3","GI_5D","blups"
"2341111","JHI-Hv50k-2016-229031",4,9491790,3.59656173283278e-13,"0.490990990990991",444,NA,"TP3","GI_5D","blups"
"105","BOPA1_5004-375",5,493200949,2.5782231764391e-22,"0.105855855855856",444,NA,"TP5","GE","blues"
"122","BOPA1_585-342",5,579812809,1.37026900496301e-14,"0.355855855855856",444,NA,"TP5","GE","blues"
"3828","JHI-Hv50k-2016-316599",5,493408279,3.77378833200067e-13,"0.103603603603604",444,NA,"TP5","GE","blues"
"8145","SCRI_RS_19741",5,567309951,1.38480426178483e-09,"0.213963963963964",444,NA,"TP5","GE","blues"
"515","JHI-Hv50k-2016-106350",2,577412613,2.83245033516865e-08,"0.0495495495495496",444,NA,"TP5","GE","blues"
"36707","JHI-Hv50k-2016-311497",5,475342665,1.45005456594119e-11,"0.355855855855856",444,NA,"TP5","GI","blues"
"3811","JHI-Hv50k-2016-315906",5,491911433,1.17025736906754e-10,"0.103603603603604",444,NA,"TP5","GE_5D","blues"
"1221","BOPA1_585-342",5,579812809,1.82525677841055e-06,"0.355855855855856",444,NA,"TP5","GE_5D","blues"
"367013","JHI-Hv50k-2016-311497",5,475342665,2.79775465871766e-11,"0.355855855855856",444,NA,"TP5","GI_5D","blues"
"1051","BOPA1_5004-375",5,493200949,5.90761112985398e-17,"0.105855855855856",444,NA,NA,NA,NA
"38281","JHI-Hv50k-2016-316599",5,493408279,2.11938069458311e-12,"0.103603603603604",444,NA,NA,NA,NA
"4249","JHI-Hv50k-2016-335653",5,536635118,2.58229186138639e-06,"0.130630630630631",444,NA,NA,NA,NA
"367023","JHI-Hv50k-2016-311497",5,475342665,2.11651254931797e-21,"0.355855855855856",444,NA,"TP4","GI","blups"
"3670112","JHI-Hv50k-2016-311497",5,475342665,3.54693244740188e-20,"0.355855855855856",444,NA,"TP4","GI_5D","blups"
"1053","BOPA1_5004-375",5,493200949,2.5782231764391e-22,"0.105855855855856",444,NA,"TP5","GE","blues"
"1223","BOPA1_585-342",5,579812809,1.37026900496301e-14,"0.355855855855856",444,NA,"TP5","GE","blues"
"38283","JHI-Hv50k-2016-316599",5,493408279,3.77378833200067e-13,"0.103603603603604",444,NA,"TP5","GE","blues"
"81452","SCRI_RS_19741",5,567309951,1.38480426178483e-09,"0.213963963963964",444,NA,"TP5","GE","blues"
"5152","JHI-Hv50k-2016-106350",2,577412613,2.83245033516865e-08,"0.0495495495495496",444,NA,"TP5","GE","blues"
"36708","JHI-Hv50k-2016-311497",5,475342665,1.45005456594119e-11,"0.355855855855856",444,NA,"TP5","GI","blues"
"38111","JHI-Hv50k-2016-315906",5,491911433,1.17025736906754e-10,"0.103603603603604",444,NA,"TP5","GE_5D","blues"
"12211","BOPA1_585-342",5,579812809,1.82525677841055e-06,"0.355855855855856",444,NA,"TP5","GE_5D","blues"
"367014","JHI-Hv50k-2016-311497",5,475342665,2.79775465871766e-11,"0.355855855855856",444,NA,"TP5","GI_5D","blues"
"1052","BOPA1_5004-375",5,493200949,1.77091396803182e-24,"0.105855855855856",444,NA,"TP5","GE","blups"
"38282","JHI-Hv50k-2016-316599",5,493408279,1.25572410444316e-14,"0.103603603603604",444,NA,"TP5","GE","blups"
"1222","BOPA1_585-342",5,579812809,4.00186517772809e-11,"0.355855855855856",444,NA,"TP5","GE","blups"
"5151","JHI-Hv50k-2016-106350",2,577412613,4.64153575269504e-08,"0.0495495495495496",444,NA,"TP5","GE","blups"
"81451","SCRI_RS_19741",5,567309951,2.30664518205271e-06,"0.213963963963964",444,NA,"TP5","GE","blups"
"367024","JHI-Hv50k-2016-311497",5,475342665,8.15698012237136e-12,"0.355855855855856",444,NA,"TP5","GI","blups"
"10511","BOPA1_5004-375",5,493200949,1.31891277053672e-10,"0.105855855855856",444,NA,"TP5","GE_5D","blups"
"382811","JHI-Hv50k-2016-316599",5,493408279,3.51478641859811e-08,"0.103603603603604",444,NA,"TP5","GE_5D","blups"
"4229","JHI-Hv50k-2016-334712",5,535758486,3.66450657714259e-06,"0.359234234234234",444,NA,"TP5","GE_5D","blups"
"3670113","JHI-Hv50k-2016-311497",5,475342665,1.47066500866044e-11,"0.355855855855856",444,NA,"TP5","GI_5D","blups"
