"","SNP","Chromosome","Position","P.value","maf","nobs","effect","TP","Trait"
"1641","JHI-Hv50k-2016-14263",1,16640613,8.56285377028516e-07,"0.368408850026497",444,NA,"Field","PM"
"3173","JHI-Hv50k-2016-28251",1,375895006,5.28971943651856e-13,"0.00970873786407767",103,NA,"Field","phs"
"31731","JHI-Hv50k-2016-28251",1,375895006,4.55342308699141e-13,"0.00970873786407767",103,NA,"Field","phs"
"31732","JHI-Hv50k-2016-28251",1,375895006,7.93407601721298e-07,"0.00458715596330275",218,NA,"TP1","GI_5D"
"317311","JHI-Hv50k-2016-28251",1,375895006,3.00594734142694e-06,"0.00458715596330275",218,NA,"TP1","GI_5D"
"11692","JHI-Hv50k-2016-59646",2,1244231,0.000152413874894707,"0.0735268479776848",480,NA,"Field","Ht"
"11694","JHI-Hv50k-2016-59685",2,1259157,0.000153397771471709,"0.0735429714683368",480,NA,"Field","Ht"
"7176","JHI-Hv50k-2016-73697",2,24211311,1.60919331399529e-06,"0.353741496598639",441,NA,"TP2","GI"
"71761","JHI-Hv50k-2016-73697",2,24211311,6.21986528090421e-07,"0.353741496598639",441,NA,"TP2","GI_5D"
"7179","JHI-Hv50k-2016-73780",2,24228737,3.06657729723922e-06,"0.356981981981982",444,NA,"TP2","GE"
"12185","JHI-Hv50k-2016-73868",2,24379112,0.000551573520573287,"0.33228315544105",429,NA,"Field","PM"
"12187","JHI-Hv50k-2016-73888",2,24384969,1.7792252232944e-12,"0.454578947368421",480,NA,"Field","Ht"
"12189","JHI-Hv50k-2016-73955",2,24653557,3.59475244685444e-53,"0.361949507479653",481,NA,"Field","HD"
"121891","JHI-Hv50k-2016-73955",2,24653557,3.24310252351349e-51,"0.361949507479653",481,NA,"Field","HD"
"121892","JHI-Hv50k-2016-73955",2,24653557,0.000546224002782927,"0.33123010046087",429,NA,"Field","PM"
"12192","JHI-Hv50k-2016-74014",2,24817932,0.000546224002782927,"0.33123010046087",429,NA,"Field","PM"
"12198","JHI-Hv50k-2016-74089",2,25248442,7.7552065694625e-55,"0.352977458786587",444,NA,"Field","PM"
"12283","JHI-Hv50k-2016-75915",2,31114983,0.000182215785073359,"0.319280701754386",480,NA,"Field","Ht"
"515","JHI-Hv50k-2016-106350",2,577412613,2.03874607744568e-06,"0.0495495495495496",444,NA,"TP4","GE"
"5151","JHI-Hv50k-2016-106350",2,577412613,1.46929067303622e-06,"0.0495495495495496",444,NA,"TP4","GE_5D"
"5152","JHI-Hv50k-2016-106350",2,577412613,2.03874607744568e-06,"0.0495495495495496",444,NA,"TP4","GE"
"51511","JHI-Hv50k-2016-106350",2,577412613,1.46929067303622e-06,"0.0495495495495496",444,NA,"TP4","GE_5D"
"1674","JHI-Hv50k-2016-198312",3,540936436,4.97414110308332e-06,"0.225225225225225",444,NA,"TP3","GE_5D"
"365","BOPA1_ABC06381-1-5-73",3,576334098,0.000171733479396538,"0.472759793572601",441,NA,"Field","scald"
"2330","JHI-Hv50k-2016-228853",4,9192492,1.99080352662869e-06,"0.39237668161435",223,NA,"TP1","GE"
"23301","JHI-Hv50k-2016-228853",4,9192492,2.28022111353875e-06,"0.396788990825688",218,NA,"TP1","GI"
"23302","JHI-Hv50k-2016-228853",4,9192492,1.15005509975708e-06,"0.396788990825688",218,NA,"TP1","GI_5D"
"23303","JHI-Hv50k-2016-228853",4,9192492,1.97012362148654e-06,"0.39237668161435",223,NA,"TP1","GE"
"233011","JHI-Hv50k-2016-228853",4,9192492,4.68518777587824e-06,"0.396788990825688",218,NA,"TP1","GI"
"233021","JHI-Hv50k-2016-228853",4,9192492,4.59043840668789e-06,"0.396788990825688",218,NA,"TP1","GI_5D"
"2341","JHI-Hv50k-2016-229031",4,9491790,2.56846672982437e-07,"0.487528344671202",441,NA,"TP2","GI"
"23411","JHI-Hv50k-2016-229031",4,9491790,1.49996197362761e-06,"0.487528344671202",441,NA,"TP2","GI_5D"
"23412","JHI-Hv50k-2016-229031",4,9491790,4.08460012213296e-08,"0.487528344671202",441,NA,"TP2","GI"
"234111","JHI-Hv50k-2016-229031",4,9491790,7.827992381788e-07,"0.487528344671202",441,NA,"TP2","GI_5D"
"23413","JHI-Hv50k-2016-229031",4,9491790,3.11315232916547e-13,"0.490990990990991",444,NA,"TP3","GI"
"234112","JHI-Hv50k-2016-229031",4,9491790,1.62379534795599e-12,"0.490990990990991",444,NA,"TP3","GI_5D"
"234121","JHI-Hv50k-2016-229031",4,9491790,2.62482203494653e-13,"0.490990990990991",444,NA,"TP3","GI"
"2341111","JHI-Hv50k-2016-229031",4,9491790,4.33598037414529e-13,"0.490990990990991",444,NA,"TP3","GI_5D"
"2344","JHI-Hv50k-2016-229089",4,9768925,2.52833947025418e-10,"0.495495495495495",444,NA,"TP3","GE"
"23441","JHI-Hv50k-2016-229089",4,9768925,3.11504281644758e-10,"0.495495495495495",444,NA,"TP3","GE"
"6054","JHI-Hv50k-2016-306334",5,426316115,1.43345245219643e-08,"0.0161206317204301",480,NA,"Field","scald"
"3671","JHI-Hv50k-2016-311548",5,475337693,3.00180577263265e-06,"0.108108108108108",444,NA,"TP2","GE_5D"
"36711","JHI-Hv50k-2016-311548",5,475337693,3.49667516553463e-06,"0.108108108108108",444,NA,"TP2","GE_5D"
"3670","JHI-Hv50k-2016-311497",5,475342665,1.33451902674976e-41,"0.353603603603604",444,NA,"TP2","GE"
"36701","JHI-Hv50k-2016-311497",5,475342665,3.72969859029077e-15,"0.356009070294785",441,NA,"TP2","GI"
"36702","JHI-Hv50k-2016-311497",5,475342665,3.90582427970253e-12,"0.353603603603604",444,NA,"TP2","GE_5D"
"36703","JHI-Hv50k-2016-311497",5,475342665,3.34750751162449e-15,"0.356009070294785",441,NA,"TP2","GI_5D"
"36704","JHI-Hv50k-2016-311497",5,475342665,7.84239969442714e-43,"0.353603603603604",444,NA,"TP2","GE"
"367011","JHI-Hv50k-2016-311497",5,475342665,2.93575469808309e-14,"0.356009070294785",441,NA,"TP2","GI"
"367021","JHI-Hv50k-2016-311497",5,475342665,1.43507947080574e-11,"0.353603603603604",444,NA,"TP2","GE_5D"
"367031","JHI-Hv50k-2016-311497",5,475342665,3.99722569682371e-15,"0.356009070294785",441,NA,"TP2","GI_5D"
"36705","JHI-Hv50k-2016-311497",5,475342665,1.37285516260355e-13,"0.353603603603604",444,NA,"TP3","GE"
"367012","JHI-Hv50k-2016-311497",5,475342665,9.99540929855041e-49,"0.353603603603604",444,NA,"TP3","GI"
"367022","JHI-Hv50k-2016-311497",5,475342665,3.53978133789385e-09,"0.353603603603604",444,NA,"TP3","GE_5D"
"367032","JHI-Hv50k-2016-311497",5,475342665,1.87220722519981e-47,"0.353603603603604",444,NA,"TP3","GI_5D"
"367041","JHI-Hv50k-2016-311497",5,475342665,5.66456856492822e-13,"0.353603603603604",444,NA,"TP3","GE"
"3670111","JHI-Hv50k-2016-311497",5,475342665,9.41990902334505e-49,"0.353603603603604",444,NA,"TP3","GI"
"3670211","JHI-Hv50k-2016-311497",5,475342665,1.81911610614492e-11,"0.353603603603604",444,NA,"TP3","GE_5D"
"3670311","JHI-Hv50k-2016-311497",5,475342665,5.44899332524442e-46,"0.353603603603604",444,NA,"TP3","GI_5D"
"36706","JHI-Hv50k-2016-311497",5,475342665,2.92226111188291e-20,"0.353603603603604",444,NA,"TP4","GI"
"367013","JHI-Hv50k-2016-311497",5,475342665,6.09541261982954e-19,"0.353603603603604",444,NA,"TP4","GI_5D"
"367023","JHI-Hv50k-2016-311497",5,475342665,3.32336622196804e-20,"0.353603603603604",444,NA,"TP4","GI"
"3670112","JHI-Hv50k-2016-311497",5,475342665,6.45362390121998e-19,"0.353603603603604",444,NA,"TP4","GI_5D"
"36707","JHI-Hv50k-2016-311497",5,475342665,2.92226111188291e-20,"0.353603603603604",444,NA,"TP4","GI"
"367014","JHI-Hv50k-2016-311497",5,475342665,6.09541261982954e-19,"0.353603603603604",444,NA,"TP4","GI_5D"
"367024","JHI-Hv50k-2016-311497",5,475342665,3.32336622196804e-20,"0.353603603603604",444,NA,"TP4","GI"
"3670113","JHI-Hv50k-2016-311497",5,475342665,6.45362390121998e-19,"0.353603603603604",444,NA,"TP4","GI_5D"
"3672","JHI-Hv50k-2016-311574",5,475453779,1.03757791330379e-09,"0.305045871559633",218,NA,"TP1","GI"
"36721","JHI-Hv50k-2016-311574",5,475453779,4.57541243926855e-09,"0.298206278026906",223,NA,"TP1","GE_5D"
"36722","JHI-Hv50k-2016-311574",5,475453779,2.08409843923721e-11,"0.305045871559633",218,NA,"TP1","GI_5D"
"36723","JHI-Hv50k-2016-311574",5,475453779,2.20423900952663e-09,"0.305045871559633",218,NA,"TP1","GI"
"367211","JHI-Hv50k-2016-311574",5,475453779,1.22550751760108e-08,"0.298206278026906",223,NA,"TP1","GE_5D"
"367221","JHI-Hv50k-2016-311574",5,475453779,3.47555415050574e-10,"0.305045871559633",218,NA,"TP1","GI_5D"
"36724","JHI-Hv50k-2016-311574",5,475453779,2.71750333941606e-08,"0.369614512471655",441,NA,"TP2","GI"
"367212","JHI-Hv50k-2016-311574",5,475453779,2.55214729198231e-08,"0.369614512471655",441,NA,"TP2","GI_5D"
"367222","JHI-Hv50k-2016-311574",5,475453779,7.97041014455841e-10,"0.369614512471655",441,NA,"TP2","GI"
"3672111","JHI-Hv50k-2016-311574",5,475453779,2.1322930724111e-09,"0.369614512471655",441,NA,"TP2","GI_5D"
"3689","JHI-Hv50k-2016-311960",5,477497810,1.86878516078172e-12,"0.307174887892377",223,NA,"TP1","GE"
"36891","JHI-Hv50k-2016-311960",5,477497810,2.11675427045938e-12,"0.307174887892377",223,NA,"TP1","GE"
"3811","JHI-Hv50k-2016-315906",5,491911433,3.22896809250173e-12,"0.103603603603604",444,NA,"TP4","GE_5D"
"38111","JHI-Hv50k-2016-315906",5,491911433,3.22896809250173e-12,"0.103603603603604",444,NA,"TP4","GE_5D"
"105","BOPA1_5004-375",5,493200949,1.24600585492105e-14,"0.105855855855856",444,NA,"TP4","GE"
"1052","BOPA1_5004-375",5,493200949,5.78726584902942e-17,"0.105855855855856",444,NA,"TP4","GE"
"1051","BOPA1_5004-375",5,493200949,5.78726584902942e-17,"0.105855855855856",444,NA,"TP4","GE_5D"
"1053","BOPA1_5004-375",5,493200949,1.24600585492105e-14,"0.105855855855856",444,NA,"TP4","GE"
"10521","BOPA1_5004-375",5,493200949,5.78726584902942e-17,"0.105855855855856",444,NA,"TP4","GE"
"10511","BOPA1_5004-375",5,493200949,5.78726584902942e-17,"0.105855855855856",444,NA,"TP4","GE_5D"
"3828","JHI-Hv50k-2016-316599",5,493408279,1.74602630045215e-08,"0.103603603603604",444,NA,"TP4","GE"
"38282","JHI-Hv50k-2016-316599",5,493408279,2.07292314354146e-12,"0.103603603603604",444,NA,"TP4","GE"
"38281","JHI-Hv50k-2016-316599",5,493408279,2.07292314354146e-12,"0.103603603603604",444,NA,"TP4","GE_5D"
"38283","JHI-Hv50k-2016-316599",5,493408279,1.74602630045215e-08,"0.103603603603604",444,NA,"TP4","GE"
"382821","JHI-Hv50k-2016-316599",5,493408279,2.07292314354146e-12,"0.103603603603604",444,NA,"TP4","GE"
"382811","JHI-Hv50k-2016-316599",5,493408279,2.07292314354146e-12,"0.103603603603604",444,NA,"TP4","GE_5D"
"4249","JHI-Hv50k-2016-335653",5,536635118,2.58937062019657e-06,"0.130630630630631",444,NA,"TP4","GE"
"42491","JHI-Hv50k-2016-335653",5,536635118,2.58937062019657e-06,"0.130630630630631",444,NA,"TP4","GE_5D"
"42492","JHI-Hv50k-2016-335653",5,536635118,2.58937062019657e-06,"0.130630630630631",444,NA,"TP4","GE"
"424911","JHI-Hv50k-2016-335653",5,536635118,2.58937062019657e-06,"0.130630630630631",444,NA,"TP4","GE_5D"
"9242","JHI-Hv50k-2016-437197",7,2438813,0.000119170425208988,"0.0765765765765766",444,NA,"Field","PM"
"9470","JHI-Hv50k-2016-453020",7,22152719,0.000173558519938564,"0.0682979004108711",444,NA,"Field","PM"
"9471","JHI-Hv50k-2016-453022",7,22152820,0.000173558519938564,"0.0682979004108711",444,NA,"Field","PM"
"9473","JHI-Hv50k-2016-453080",7,22440553,5.0511492560397e-05,"0.0698198198198198",444,NA,"Field","PM"
"9474","JHI-Hv50k-2016-453085",7,22441927,0.000173558519938564,"0.0682979004108711",444,NA,"Field","PM"
"13848","SCRI_RS_213333",7,22459071,5.0511492560397e-05,"0.0698198198198198",444,NA,"Field","PM"
"9480","JHI-Hv50k-2016-453197",7,22522288,5.0511492560397e-05,"0.0698198198198198",444,NA,"Field","PM"
"9479","JHI-Hv50k-2016-453196",7,22522337,7.01827900156582e-05,"0.0720720720720721",444,NA,"Field","PM"
"9530","JHI-Hv50k-2016-453875",7,24360022,0.000119170425208988,"0.0765765765765766",444,NA,"Field","PM"
"13951","SCRI_RS_229727",7,24383627,0.000119170425208988,"0.0765765765765766",444,NA,"Field","PM"
"13664","SCRI_RS_189067",7,223851159,5.0511492560397e-05,"0.0698198198198198",444,NA,"Field","PM"
"10058","JHI-Hv50k-2016-476978",7,223857081,0.000173558519938564,"0.0682979004108711",444,NA,"Field","PM"
"10061","JHI-Hv50k-2016-477028",7,224429442,5.0511492560397e-05,"0.0698198198198198",444,NA,"Field","PM"
"10062","JHI-Hv50k-2016-477045",7,224729054,0.000173558519938564,"0.0682979004108711",444,NA,"Field","PM"
"10064","JHI-Hv50k-2016-477124",7,226395590,7.01827900156582e-05,"0.0720720720720721",444,NA,"Field","PM"
"10063","JHI-Hv50k-2016-477122",7,226396624,7.01827900156582e-05,"0.0720720720720721",444,NA,"Field","PM"
"10065","JHI-Hv50k-2016-477131",7,226993504,7.01827900156582e-05,"0.0720720720720721",444,NA,"Field","PM"
"10095","JHI-Hv50k-2016-477827",7,242077879,0.000126687436017598,"0.0720720720720721",444,NA,"Field","PM"
"10094","JHI-Hv50k-2016-477793",7,242213886,0.000126687436017598,"0.0720720720720721",444,NA,"Field","PM"
"10096","JHI-Hv50k-2016-477892",7,242456666,9.69071333789811e-05,"0.0743243243243243",444,NA,"Field","PM"
"10102","JHI-Hv50k-2016-477972",7,243743161,0.000119170425208988,"0.0765765765765766",444,NA,"Field","PM"
"6517","JHI-Hv50k-2016-513498",7,623659640,3.8148183908017e-06,"0.147982062780269",223,NA,"TP1","GE"
"65171","JHI-Hv50k-2016-513498",7,623659640,1.33925382417271e-07,"0.151376146788991",218,NA,"TP1","GI"
"65172","JHI-Hv50k-2016-513498",7,623659640,8.33638726448925e-07,"0.151376146788991",218,NA,"TP1","GI_5D"
"65173","JHI-Hv50k-2016-513498",7,623659640,3.88299936989668e-06,"0.147982062780269",223,NA,"TP1","GE"
"651711","JHI-Hv50k-2016-513498",7,623659640,6.75429866802314e-07,"0.151376146788991",218,NA,"TP1","GI"
